Person 1,Person 2,Anniversary
Donna Cook,Tyler Benitez MD,1980-09-18
Meagan Sullivan,Jeffrey Hughes,2020-07-25
Julie Mclaughlin,Jessica Davis,2014-11-20
Melanie Rasmussen,Taylor Vega,2018-07-24
Daniel Koch,Juan Norman,2020-03-16
Kurt Coleman,Lee Mayo,2003-06-21
Jennifer Hunter,Kaitlyn Simpson,1988-12-07
Michael Jackson,Matthew Gill,2004-10-29
Donna Knapp,Eric Silva,1981-01-19
William Ortega,Jeremy Colon,2013-09-01
James Heath,Brian Snow,1978-02-09
Angela Santos,Joshua Martinez,2014-11-21
Derek Cole,William Ortega,1993-01-03
Laura Peterson,Cody Gomez,1998-07-10
Gloria Rice,Kellie Jones DDS,1995-05-19
Heather Howell,Jenny Ross,1983-06-20
Matthew Davis,James Heath,1986-10-27
Brian Snow,Melissa Conley,1993-05-09
Clayton Walls,James Jacobs,1995-08-13
Juan Watson,Vicki Smith,1976-09-24
Mark Lee,Christopher King,1975-11-23
Douglas Brooks,Duane Smith,2017-09-06
Steven Friedman,Charles Horton,2016-07-11
Christopher King,Matthew Davis,1985-12-10
Leah Henderson,Joseph Walls,2011-05-05
Brian Johnson,Amy Freeman,2002-08-30
Maria Campbell,Jennifer Lawrence,2007-09-26
Jacqueline Henry,Corey Spears,1999-05-31
Brian Snow,Stephanie Hutchinson,1980-07-28
Leah Henderson,Cathy Davis,2003-06-11
Todd Hamilton,Heather Howell,2002-08-05
Jessica Davis,Corey Spears,2013-12-05
Jeffrey Hughes,Amanda Morales,1977-11-02
Deborah Davis,Michele Davis,1997-01-03
Keith Lewis,Mr. Jose Bailey MD,1983-11-04
Vicki Smith,Jenny Ross,2019-10-21
Julie Bennett,Chloe Reeves,1977-04-04
Corey Spears,Larry Guzman,2019-11-08
Daniel Paul,Meagan Sullivan,1977-05-04
Nicholas Walker,Kimberly Stewart,1991-09-18
Joshua Martinez,Michael White,1988-10-13
Patty Sandoval,Angela Santos,2018-09-15
Michele Davis,John Mullins II,2002-10-24
Katrina Baldwin,Angela Santos,1974-01-31
Vicki Smith,William Cook,2007-04-14
Shannon Patel,Heather Howell,1982-10-08
Brandi Harrison,Haley Henry,1981-10-21
Brenda Shelton,Lori Woods,1983-09-29
Laura Peterson,Katrina Baldwin,2008-10-04
